{"cameraMode":{"drawMode":0,"name":"Shaded","section":"Shading Mode"},"sceneLighting":true,"audioPlay":false,"sceneViewState":{"showFog":true,"showMaterialUpdate":false,"showSkybox":true,"showFlares":true,"showImageEffects":true,"showParticleSystems":true},"in2DMode":false,"pivot":{"x":-1.648468017578125,"y":1.6196746826171876,"z":-2.197265625},"rotation":{"x":0.16717271506786347,"y":-0.132680281996727,"z":0.022609177976846696,"w":0.9767285585403442},"size":9.021374702453614,"orthographic":true}