{"cameraMode":{"drawMode":0,"name":"Shaded","section":"Shading Mode"},"sceneLighting":true,"audioPlay":false,"sceneViewState":{"showFog":true,"showMaterialUpdate":false,"showSkybox":true,"showFlares":true,"showImageEffects":true,"showParticleSystems":true},"in2DMode":false,"pivot":{"x":-1.0658996105194092,"y":-0.7222649455070496,"z":-2.880661964416504},"rotation":{"x":-0.09466768801212311,"y":-0.0008988107438199222,"z":0.00008547413017367944,"w":-0.9955081343650818},"size":3.9073946475982668,"orthographic":false}