{"cameraMode":{"drawMode":0,"name":"Shaded","section":"Shading Mode"},"sceneLighting":true,"audioPlay":false,"sceneViewState":{"showFog":true,"showMaterialUpdate":false,"showSkybox":true,"showFlares":true,"showImageEffects":true,"showParticleSystems":true},"in2DMode":false,"pivot":{"x":1.177001953125,"y":0.319580078125,"z":-3.2529296875},"rotation":{"x":0.062173571437597278,"y":-0.15713274478912354,"z":0.009910807013511658,"w":0.9855719804763794},"size":1.9301538467407227,"orthographic":true}