{"cameraMode":{"drawMode":0,"name":"Shaded","section":"Shading Mode"},"sceneLighting":true,"audioPlay":false,"sceneViewState":{"showFog":true,"showMaterialUpdate":false,"showSkybox":true,"showFlares":true,"showImageEffects":true,"showParticleSystems":true},"in2DMode":false,"pivot":{"x":-0.09033203125,"y":-2.052001953125,"z":-1.32666015625},"rotation":{"x":0.17175975441932679,"y":0.3019137978553772,"z":-0.05552564933896065,"w":0.9361292123794556},"size":2.288409471511841,"orthographic":true}