{"cameraMode":{"drawMode":0,"name":"Shaded","section":"Shading Mode"},"sceneLighting":false,"audioPlay":false,"sceneViewState":{"showFog":true,"showMaterialUpdate":false,"showSkybox":false,"showFlares":true,"showImageEffects":true,"showParticleSystems":true},"in2DMode":false,"pivot":{"x":-0.053532153367996219,"y":-0.8005717992782593,"z":-0.0928349494934082},"rotation":{"x":0.14646974205970765,"y":-0.004451392218470573,"z":0.0006590993143618107,"w":0.9892057180404663},"size":2.0530622005462648,"orthographic":false}