{"cameraMode":{"drawMode":0,"name":"Shaded","section":"Shading Mode"},"sceneLighting":true,"audioPlay":false,"sceneViewState":{"showFog":true,"showMaterialUpdate":false,"showSkybox":true,"showFlares":true,"showImageEffects":true,"showParticleSystems":true},"in2DMode":false,"pivot":{"x":0.650964617729187,"y":0.1280996948480606,"z":0.8451676368713379},"rotation":{"x":0.013494672253727913,"y":0.026994265615940095,"z":-0.0003644447133410722,"w":0.9995446801185608},"size":3.0927329063415529,"orthographic":false}