{"cameraMode":{"drawMode":0,"name":"Shaded","section":"Shading Mode"},"sceneLighting":false,"audioPlay":false,"sceneViewState":{"showFog":true,"showMaterialUpdate":false,"showSkybox":false,"showFlares":true,"showImageEffects":true,"showParticleSystems":true},"in2DMode":false,"pivot":{"x":-1.682202935218811,"y":3.460193395614624,"z":-0.3907952308654785},"rotation":{"x":0.028486913070082666,"y":-0.02548683062195778,"z":0.0007265803287737072,"w":0.9992692470550537},"size":2.027217149734497,"orthographic":false}