{"cameraMode":{"drawMode":0,"name":"Shaded","section":"Shading Mode"},"sceneLighting":true,"audioPlay":false,"sceneViewState":{"showFog":true,"showMaterialUpdate":false,"showSkybox":true,"showFlares":true,"showImageEffects":true,"showParticleSystems":true},"in2DMode":false,"pivot":{"x":0.9259076118469238,"y":3.340200185775757,"z":-1.3332284688949586},"rotation":{"x":0.059964027255773547,"y":-0.0014972855569794775,"z":0.00008985494787339121,"w":0.998202919960022},"size":4.479936122894287,"orthographic":false}