{"cameraMode":{"drawMode":0,"name":"Shaded","section":"Shading Mode"},"sceneLighting":false,"audioPlay":false,"sceneViewState":{"showFog":true,"showMaterialUpdate":false,"showSkybox":false,"showFlares":true,"showImageEffects":true,"showParticleSystems":true},"in2DMode":false,"pivot":{"x":-1.7893619537353516,"y":3.6140551567077638,"z":-0.38748788833618166},"rotation":{"x":0.028486913070082666,"y":-0.02548683062195778,"z":0.0007265803287737072,"w":0.9992692470550537},"size":2.027217149734497,"orthographic":false}