{"cameraMode":{"drawMode":0,"name":"Shaded","section":"Shading Mode"},"sceneLighting":true,"audioPlay":false,"sceneViewState":{"showFog":true,"showMaterialUpdate":false,"showSkybox":true,"showFlares":true,"showImageEffects":true,"showParticleSystems":true},"in2DMode":false,"pivot":{"x":-0.2613334655761719,"y":-1.020263671875,"z":-2.31787109375},"rotation":{"x":0.25394171476364138,"y":-0.13869845867156983,"z":0.036822374910116199,"w":0.9565153121948242},"size":3.453195810317993,"orthographic":true}