{"cameraMode":{"drawMode":0,"name":"Shaded","section":"Shading Mode"},"sceneLighting":false,"audioPlay":false,"sceneViewState":{"showFog":true,"showMaterialUpdate":false,"showSkybox":false,"showFlares":true,"showImageEffects":true,"showParticleSystems":true},"in2DMode":false,"pivot":{"x":0.6873403787612915,"y":-0.11720192432403565,"z":-2.1214144229888918},"rotation":{"x":-0.13034078478813172,"y":-0.03806539624929428,"z":0.005007927305996418,"w":-0.9907252192497253},"size":1.7799363136291505,"orthographic":false}