{"cameraMode":{"drawMode":0,"name":"Shaded","section":"Shading Mode"},"sceneLighting":true,"audioPlay":false,"sceneViewState":{"showFog":true,"showMaterialUpdate":false,"showSkybox":true,"showFlares":true,"showImageEffects":true,"showParticleSystems":true},"in2DMode":false,"pivot":{"x":-2.003950357437134,"y":-1.49759840965271,"z":10.362150192260743},"rotation":{"x":0.09336244314908982,"y":-0.14434047043323518,"z":0.013680960051715374,"w":0.9850203990936279},"size":11.626203536987305,"orthographic":false}