{"cameraMode":{"drawMode":0,"name":"Shaded","section":"Shading Mode"},"sceneLighting":false,"audioPlay":false,"sceneViewState":{"showFog":true,"showMaterialUpdate":false,"showSkybox":false,"showFlares":true,"showImageEffects":true,"showParticleSystems":true},"in2DMode":false,"pivot":{"x":-0.21562346816062928,"y":-0.6644205451011658,"z":-0.6812744140625},"rotation":{"x":0.07037532329559326,"y":-0.043378498405218127,"z":0.0030635339207947256,"w":0.9965732097625732},"size":1.1862263679504395,"orthographic":true}