{"cameraMode":{"drawMode":0,"name":"Shaded","section":"Shading Mode"},"sceneLighting":true,"audioPlay":false,"sceneViewState":{"showFog":true,"showMaterialUpdate":false,"showSkybox":true,"showFlares":true,"showImageEffects":true,"showParticleSystems":true},"in2DMode":false,"pivot":{"x":0.4560434818267822,"y":-1.0783085823059083,"z":17.13603401184082},"rotation":{"x":-0.05128677189350128,"y":-0.002400115830823779,"z":0.00012299168156459928,"w":-0.9986808896064758},"size":14.501494407653809,"orthographic":false}