{"cameraMode":{"drawMode":0,"name":"Shaded","section":"Shading Mode"},"sceneLighting":true,"audioPlay":false,"sceneViewState":{"showFog":true,"showMaterialUpdate":false,"showSkybox":true,"showFlares":true,"showImageEffects":true,"showParticleSystems":true},"in2DMode":false,"pivot":{"x":0.9524435997009277,"y":-0.5941348075866699,"z":2.160426139831543},"rotation":{"x":-0.3222653269767761,"y":0.060149773955345157,"z":-0.020523540675640107,"w":-0.9445188045501709},"size":6.57993745803833,"orthographic":false}