{"cameraMode":{"drawMode":0,"name":"Shaded","section":"Shading Mode"},"sceneLighting":true,"audioPlay":false,"sceneViewState":{"showFog":true,"showMaterialUpdate":false,"showSkybox":true,"showFlares":true,"showImageEffects":true,"showParticleSystems":true},"in2DMode":false,"pivot":{"x":-0.49636125564575198,"y":-2.299232006072998,"z":1.3957223892211915},"rotation":{"x":-0.2682317793369293,"y":0.1458265334367752,"z":-0.04111611843109131,"w":-0.9513697624206543},"size":6.371139049530029,"orthographic":false}