{"cameraMode":{"drawMode":0,"name":"Shaded","section":"Shading Mode"},"sceneLighting":true,"audioPlay":false,"sceneViewState":{"showFog":true,"showMaterialUpdate":false,"showSkybox":true,"showFlares":true,"showImageEffects":true,"showParticleSystems":true},"in2DMode":false,"pivot":{"x":-4.681025505065918,"y":0.49378323554992678,"z":11.70232105255127},"rotation":{"x":-0.06626079231500626,"y":-0.003894359339028597,"z":0.0002583477762527764,"w":-0.9977982044219971},"size":14.51065731048584,"orthographic":false}