{"cameraMode":{"drawMode":0,"name":"Shaded","section":"Shading Mode"},"sceneLighting":false,"audioPlay":false,"sceneViewState":{"showFog":true,"showMaterialUpdate":false,"showSkybox":false,"showFlares":true,"showImageEffects":true,"showParticleSystems":true},"in2DMode":false,"pivot":{"x":-0.7099999785423279,"y":1.649999976158142,"z":-2.0},"rotation":{"x":-0.02577045187354088,"y":0.053054459393024448,"z":-0.0013696029782295228,"w":-0.9982599020004273},"size":0.8799363374710083,"orthographic":false}